0,1,2,3,4,5,6,7,8,9,10,11,12,13,14,15,16,17,18,19,20,21,22,23,24,25,26,27,28,29,30,31,32,33,34,35,36,37,38,39,40,41,42,43,44,45,46,47,48,49,50,51,52,53,54,55,56,57,58,59,60,61,62,63,64,65,66,67,68,69,70,71,72,73,74,75,76,77,78,79,80,81,82,83,84,85,86,87,88,89,90,91,92,93,94,95,96,97,98,99,class
-36.6,18.3,-37.7,628.2,16.4,3.3,15.0,428.5,92.8,18.9,-73.8,20.9,4.7,54.5,7.3,38.7,6.6,155.8,17.4,-27.4,20.7,-6.8,18.3,23.7,-22.9,6.2,1052.5,4549.3,-32.5,1.3,-45.4,138.8,124.9,382.1,160.2,3.2,-6.7,76.0,292.4,-33.0,-97.4,-26.1,37.9,-11.0,213.0,139.9,-14.7,95.8,129.8,722.5,895.8,-10.4,58.0,107.9,0.0,157.8,24.4,706.8,9.5,638.4,83.0,7.0,-30.1,224.5,13.8,475.7,6.2,56.9,6.7,-6.6,46.8,-9.9,202.3,1701.2,25.3,102.6,117.5,-5.3,-26.1,127.2,6.8,46.4,5.3,3.7,104.7,370.9,29.0,154.4,-17.2,-65.7,688.6,96.3,88.2,202.9,57.7,92.3,21.0,7.8,234.4,-33.7,a
-36.8,37.9,-6.4,293.0,24.4,0.7,5.9,407.8,105.1,16.5,-59.6,25.4,2.9,12.0,-4.8,47.2,-3.3,229.1,10.8,-34.5,-10.9,32.4,22.3,11.8,87.4,20.5,944.6,1658.7,-42.2,-10.8,-24.6,110.0,54.4,410.6,186.1,2.2,-4.8,47.4,187.5,-30.6,121.2,-33.7,52.1,22.4,142.3,77.3,-23.3,63.8,145.6,624.3,922.8,16.7,136.5,105.4,1.9,103.1,41.4,1239.1,27.7,663.0,98.4,21.6,-31.0,190.1,11.6,571.7,-18.1,64.9,-3.2,0.5,36.1,-4.3,254.4,1445.2,7.7,102.3,90.0,1.6,-66.4,96.1,14.5,-1.8,-19.6,-6.3,199.7,389.3,14.7,142.3,-11.2,-17.2,665.1,62.7,48.5,273.9,72.9,64.3,47.8,4.5,188.8,-8.1,a
-34.7,33.9,-49.3,497.8,11.7,18.1,5.6,420.2,47.5,27.1,-101.5,32.7,6.9,38.6,16.6,43.7,10.4,101.0,6.5,-24.0,48.3,1.9,34.5,10.0,-45.6,50.8,1851.4,4634.3,-43.3,-1.9,-16.1,101.5,53.2,386.5,228.3,25.6,-20.7,26.9,251.6,-50.7,-160.1,-17.9,-14.1,-4.5,189.8,73.7,-9.7,66.3,319.6,640.0,906.7,9.5,128.6,105.0,1.3,89.3,26.0,982.3,8.6,302.1,97.0,14.9,-50.7,105.0,-8.2,291.6,6.4,11.4,4.2,16.3,31.8,-8.4,204.0,1897.8,7.5,49.8,214.2,3.4,-142.5,89.1,4.2,59.4,116.2,-2.8,84.3,285.9,29.0,159.9,-55.2,-128.2,400.3,75.7,43.5,135.2,86.5,46.2,23.4,13.0,99.7,-27.4,a
-45.8,28.4,9.9,277.5,31.4,3.8,14.1,629.7,98.9,-6.1,-216.5,20.1,-3.9,41.3,6.2,57.5,31.5,133.6,18.9,-59.9,-14.1,32.9,22.6,7.2,88.0,73.3,2087.6,2342.8,-36.2,-1.8,-17.8,78.2,31.1,251.9,177.7,27.4,-9.3,16.3,304.1,-74.7,60.3,-19.6,-14.2,-17.7,207.8,77.4,-31.2,38.2,530.5,668.3,1117.2,-5.0,11.0,134.2,-3.0,219.6,20.2,1352.3,5.8,344.2,118.2,20.2,-45.5,223.7,-4.8,340.5,-3.6,61.1,-3.8,2.7,-31.3,-4.6,121.9,1137.8,7.9,62.0,125.5,12.0,-214.0,47.6,-0.9,29.7,181.8,0.0,260.1,268.3,23.9,16.5,-43.9,-114.8,401.6,78.1,34.8,190.2,57.6,102.5,50.5,14.6,248.3,-45.6,a
-47.1,38.5,3.5,516.7,30.1,2.7,1.4,426.9,82.9,18.9,-120.0,32.8,7.0,26.7,-18.6,56.4,31.8,298.5,23.3,-51.0,63.3,-8.3,56.3,20.7,102.2,5.2,1774.2,4182.3,-28.9,-25.7,-28.2,99.5,59.3,318.9,218.5,10.0,-11.8,27.1,275.4,-12.5,-38.7,14.9,-1.1,51.7,188.1,79.9,-16.6,37.2,133.1,821.6,1177.0,6.3,193.1,136.5,-1.1,123.7,144.9,616.1,-5.1,351.9,128.5,20.4,-54.4,131.4,-2.9,433.4,-0.7,-19.2,-3.7,-7.3,2.8,0.6,184.6,1717.7,2.6,132.9,79.6,19.8,-173.0,117.0,4.5,25.7,125.3,15.2,78.5,289.3,39.6,2.3,-45.1,-133.4,496.4,76.3,52.2,72.6,102.1,36.1,48.6,6.1,232.4,-28.4,a
-39.8,15.6,24.0,591.4,14.3,6.2,7.9,566.0,64.2,47.2,28.2,51.1,6.5,32.8,11.3,35.4,11.2,195.8,22.9,-82.6,95.2,4.9,18.9,74.7,81.4,142.6,1758.9,3509.6,-54.3,16.0,-35.0,79.6,104.1,193.9,148.9,8.6,-1.0,25.6,309.0,-45.1,62.2,-13.3,-16.4,-4.4,165.1,82.3,-27.8,55.7,150.7,933.3,1114.7,1.5,165.3,160.7,1.9,230.1,58.8,785.8,-6.2,342.3,216.2,107.3,-75.6,268.6,20.8,630.8,-30.7,105.0,3.4,-3.9,31.4,-2.4,96.2,2405.7,8.7,104.5,136.0,14.9,-224.7,149.7,6.2,21.2,139.4,4.1,244.5,264.2,22.3,33.6,-27.4,-128.9,406.6,75.8,50.4,53.7,152.4,150.9,59.0,14.6,192.1,-2.3,a
-37.2,39.6,34.3,225.8,11.7,10.3,-1.1,488.3,44.9,54.9,-125.8,32.4,60.6,69.7,0.3,58.2,45.6,143.6,24.0,-11.7,17.7,17.6,23.0,6.8,86.8,125.0,1932.2,2138.1,-40.5,16.3,-42.7,72.5,81.9,259.1,221.4,14.3,-2.4,52.8,200.8,-17.7,87.1,-25.5,-28.0,21.4,126.5,106.4,-12.0,111.9,79.8,479.0,1128.7,2.6,105.0,180.8,-1.1,134.8,52.1,639.5,19.0,411.7,112.0,-1.5,-32.4,139.7,-10.8,349.8,-9.3,30.6,-5.1,-4.3,36.0,-10.9,282.4,1725.5,26.7,84.3,223.5,2.4,-138.0,207.7,2.1,153.3,131.3,4.8,152.6,289.0,15.6,180.6,-12.3,-89.6,542.9,72.8,55.1,186.0,85.3,154.4,35.1,-1.6,179.1,-12.6,a
-63.5,-1.3,-42.6,384.9,24.9,23.2,-9.6,342.1,25.0,30.5,-283.3,31.3,4.3,40.0,-24.6,19.8,2.6,70.4,-5.8,-85.9,127.5,14.7,25.6,-6.4,14.3,96.3,1785.1,5879.6,-43.1,-27.6,-43.7,126.3,16.6,429.2,245.1,19.6,-2.6,4.6,197.6,-25.4,-190.3,-28.1,-29.7,5.2,170.1,78.7,-13.6,57.8,269.2,658.6,1001.9,6.0,-43.2,134.2,-10.8,152.4,12.2,1312.9,-5.2,426.6,108.0,16.0,-73.5,96.4,-25.5,103.5,6.9,17.5,-6.8,8.5,-27.6,-10.2,173.5,1909.5,8.8,64.2,137.3,-2.0,-94.9,14.1,3.9,31.4,108.8,-0.1,11.5,357.5,-1.1,114.5,-43.3,-151.7,533.7,88.8,45.3,131.7,49.5,60.1,15.1,3.1,266.5,-10.4,a
-80.9,34.0,-52.3,296.2,23.5,6.4,0.7,403.3,72.1,45.7,-180.3,20.1,5.6,66.5,4.6,58.2,59.7,128.8,8.1,-35.3,32.9,32.6,23.2,12.8,9.5,-15.6,1516.2,2029.8,-56.9,-4.6,-30.7,108.7,64.0,390.1,227.6,26.7,-6.1,48.7,243.7,-52.8,-171.1,-30.4,-0.1,2.3,205.6,47.4,-10.0,67.7,628.3,543.7,613.1,27.8,73.1,132.8,-1.6,147.4,32.2,841.4,5.8,542.0,92.1,16.1,-48.0,150.4,-14.0,218.3,4.8,7.0,-2.8,-0.9,13.8,-0.6,200.4,1643.2,42.2,16.1,84.4,1.9,-74.2,190.9,19.8,38.9,38.7,-2.2,101.4,270.6,18.8,235.1,-32.1,-56.4,594.6,74.1,85.3,142.4,78.6,34.8,25.3,3.8,154.6,-13.8,a
-51.1,21.9,-2.0,166.9,21.7,12.3,12.2,498.8,40.0,77.5,-156.6,41.8,71.9,112.0,-5.1,46.2,84.1,187.1,-0.9,-39.4,44.3,-6.3,30.4,13.9,16.6,38.2,1255.0,-149.8,-61.5,13.4,-34.7,96.1,49.9,336.9,395.6,24.9,-10.3,67.8,326.9,-3.8,-221.6,-41.4,-15.7,17.1,148.0,125.3,-17.3,185.5,57.7,467.9,933.5,47.1,90.4,140.8,-13.1,191.1,38.2,927.4,19.4,281.4,113.1,13.2,-60.6,41.6,-40.2,212.6,1.3,1.0,1.2,3.3,22.3,-23.0,328.0,1280.4,37.8,96.8,281.2,3.3,-256.0,135.9,13.7,286.1,80.8,2.4,46.8,242.3,14.3,362.9,-39.0,-177.3,916.3,129.3,90.4,195.0,91.7,242.9,8.9,0.3,163.8,-41.9,b
-48.6,37.8,-20.4,189.3,34.9,-2.4,-2.3,326.2,35.3,21.5,-86.5,44.7,12.0,73.6,-0.5,65.7,73.3,208.3,22.3,-39.9,-3.7,-6.8,33.4,29.9,95.0,87.0,1295.0,-150.5,-52.1,-16.3,-25.4,154.1,81.4,541.7,163.9,15.6,10.6,61.0,114.4,-17.8,-69.8,-19.2,229.1,-5.5,182.5,90.5,-18.2,105.3,175.3,355.0,1051.5,18.6,96.6,127.9,4.8,140.5,39.3,1145.1,15.4,690.8,98.3,10.8,-41.9,176.7,21.5,362.0,-12.5,11.3,0.0,2.0,18.0,-13.1,209.2,1283.7,15.8,94.7,177.9,-9.6,-167.0,131.5,15.9,97.2,-30.7,1.8,143.3,435.3,12.1,16.9,-21.4,-28.4,492.3,95.0,58.8,108.6,68.4,92.5,21.8,7.3,140.4,-15.6,b
-48.1,6.2,2.6,307.4,30.9,12.9,2.0,430.7,41.0,1.8,-182.8,35.2,-2.1,86.0,-19.2,54.5,9.7,243.6,29.2,13.0,40.3,9.2,31.2,14.8,24.7,37.5,1575.0,916.8,-52.5,16.9,-12.2,117.3,90.6,379.7,288.8,8.3,6.2,56.3,274.5,-23.7,-144.1,-36.6,72.3,26.3,261.1,58.9,-17.9,99.5,161.1,525.1,1033.3,22.5,312.0,175.9,-4.9,196.4,36.3,1124.2,11.7,454.9,69.2,28.0,-47.8,154.3,-26.5,380.6,-0.9,43.7,-2.4,12.5,-2.7,-18.4,204.7,1528.4,33.9,116.8,258.3,-12.5,-93.4,158.5,6.4,193.2,-51.2,15.5,59.8,414.9,19.7,13.4,-3.1,-56.9,663.3,116.9,93.5,96.2,88.6,255.5,37.5,-6.5,198.2,-20.7,b
-31.7,11.0,-4.1,260.7,7.2,-2.4,10.3,482.8,42.5,45.1,-6.9,30.9,2.4,63.7,-1.4,66.1,-9.5,183.8,43.1,-14.9,10.9,6.9,74.6,5.2,70.7,109.6,1609.3,-150.8,-34.2,19.1,-37.5,140.1,144.7,381.0,222.2,-2.3,0.1,61.8,219.3,-23.4,6.7,-26.0,86.3,23.5,226.3,75.1,-12.1,51.1,5.4,495.2,949.7,-4.2,254.1,123.7,4.2,100.9,15.8,892.7,33.1,984.9,65.7,7.9,-37.7,161.3,-12.6,247.3,27.0,6.7,5.5,-3.5,17.1,-13.4,226.0,1220.8,11.5,183.1,165.9,-8.3,-154.3,69.5,8.9,174.4,4.4,5.6,40.8,328.1,19.3,2.9,-23.8,-21.2,859.2,89.3,96.2,133.0,76.0,65.8,3.4,-0.1,193.2,-9.8,b
-39.1,16.6,-26.7,519.3,20.4,3.9,-2.9,371.2,91.8,13.6,-148.2,25.4,3.6,50.1,4.8,20.9,27.1,75.1,26.5,-0.6,38.8,17.1,44.3,3.2,90.5,-2.9,1268.9,-200.9,-37.7,-61.0,-2.5,122.9,154.1,546.3,190.3,-4.4,1.2,42.2,230.5,-60.3,-118.6,-24.5,-59.9,12.5,147.2,137.1,-15.4,47.5,96.9,330.1,1037.5,12.7,223.3,118.8,-0.4,105.5,7.2,718.8,2.9,485.9,29.3,-1.4,-31.5,52.1,2.4,297.2,20.8,26.6,-4.6,-3.5,22.5,-5.3,171.8,1313.1,33.2,81.4,127.7,3.0,-180.1,263.1,9.4,85.7,-57.2,8.0,112.3,338.4,22.8,353.0,-25.9,-23.8,1244.2,50.4,60.2,503.3,56.0,17.5,1.6,9.2,126.2,17.0,b
-42.6,9.0,-5.7,503.3,26.7,-3.8,-4.2,435.8,36.7,62.5,-240.8,44.9,-0.1,99.2,-7.2,55.3,74.7,169.2,21.3,-58.0,74.2,-2.4,13.9,16.7,115.8,145.1,1930.6,1695.8,-48.5,-17.5,-35.5,127.1,137.5,287.2,246.7,21.6,-3.6,44.1,386.4,-107.6,-143.3,-19.2,-25.6,24.4,94.0,69.9,-9.2,99.0,162.4,521.3,945.1,22.3,159.4,161.8,5.2,262.9,21.9,1544.0,-0.4,292.3,94.5,32.7,-94.5,218.2,-40.5,223.4,-57.7,9.0,-2.8,2.1,49.8,5.7,317.7,1481.1,-1.6,78.4,287.1,-10.6,-181.0,41.1,-5.0,148.0,146.9,3.5,67.2,219.1,27.6,189.3,-45.7,-205.9,654.8,142.5,108.0,160.9,90.0,111.6,35.2,9.9,222.2,-46.2,b
-57.0,64.5,23.4,309.7,24.8,8.0,4.8,382.1,59.7,9.6,-182.6,44.8,4.0,18.9,47.0,52.8,483.6,120.3,28.2,-52.1,40.9,6.9,45.7,5.9,112.8,206.5,2361.1,-101.6,-60.7,-5.8,-47.7,52.4,89.3,509.2,195.2,7.6,8.0,41.3,107.1,-39.2,-177.2,-32.6,85.8,18.1,261.6,170.1,-17.4,43.4,164.0,328.8,754.7,18.9,212.1,158.6,-1.8,170.4,18.5,1660.6,31.4,708.9,137.5,0.5,-91.9,178.0,-27.1,341.1,-40.4,17.1,-14.6,-3.1,-6.0,-13.0,179.7,1802.1,-3.5,117.3,121.6,-13.0,-164.3,55.5,9.4,155.8,133.2,-0.8,27.2,460.2,28.8,-1.3,-15.6,-51.7,312.8,124.9,68.9,109.6,41.5,25.2,10.4,15.7,168.5,-40.4,b
-44.3,25.8,7.3,-14.6,48.6,-6.3,39.3,549.8,117.9,34.3,-321.9,61.3,-38.5,84.8,-13.7,84.7,36.8,63.3,5.6,23.7,38.5,-34.0,20.5,17.0,120.6,110.7,2981.9,-160.4,-94.7,17.4,-15.9,115.6,173.5,195.4,267.0,52.7,1.7,23.8,333.8,-38.9,-421.2,-54.2,16.2,43.0,223.4,142.8,-2.3,33.6,456.6,419.7,629.7,15.2,393.6,174.0,18.5,418.3,-1.4,1459.6,-1.3,38.8,43.4,9.9,-79.6,52.0,23.2,238.9,-15.8,-78.2,3.8,11.8,23.2,-19.1,223.6,880.5,25.2,103.0,409.7,16.8,-340.3,100.0,12.3,83.5,288.2,19.1,81.5,221.0,33.4,71.2,-61.9,-171.5,383.6,102.2,121.3,386.5,70.3,1.8,-9.1,-0.5,298.9,-21.2,b
-47.7,240.1,-11.1,223.3,20.9,-2.7,10.2,437.9,91.7,25.9,-79.1,44.2,-1.7,40.8,6.6,48.4,76.3,65.1,13.2,-39.7,39.3,6.5,50.6,3.2,33.0,37.0,1546.3,4534.7,-54.6,20.0,-29.7,74.8,52.5,241.8,342.5,9.9,-13.0,35.5,277.9,-43.2,-63.4,-22.5,35.1,16.4,222.6,92.3,-20.3,137.1,485.0,1041.8,685.1,24.0,137.0,94.9,1.0,221.9,12.5,730.6,9.3,293.5,209.8,8.0,-59.0,67.9,-6.7,330.9,-8.7,-63.1,-3.3,71.9,7.4,-3.3,137.9,1261.5,-4.7,152.5,126.3,0.7,-115.5,130.0,9.4,44.8,45.0,-1.0,63.3,220.3,37.6,5.8,-23.7,-61.7,460.0,135.4,41.5,159.1,163.9,31.2,38.0,-10.5,223.9,-21.3,b
-47.4,23.5,9.4,906.6,35.2,-4.8,1.2,435.7,55.1,33.4,-176.6,30.8,10.7,94.1,-1.1,30.5,80.0,160.5,13.9,-45.1,6.2,-3.4,11.7,17.7,16.1,75.6,1640.3,2552.3,-45.2,36.3,-1.5,110.3,102.6,296.3,196.7,12.3,-5.9,58.1,383.4,-49.2,-132.4,-15.3,48.8,-2.8,187.4,155.7,-14.4,81.1,496.4,527.2,767.7,17.7,-30.1,145.2,-6.8,211.6,36.5,954.0,20.2,363.7,59.6,10.6,-54.4,164.0,-16.1,276.6,1.3,49.8,0.3,-4.5,13.0,-5.9,194.4,717.2,13.9,27.0,228.2,-8.1,-220.5,71.7,8.7,85.7,37.2,3.0,162.0,248.6,26.8,29.4,-33.5,-69.4,374.7,86.9,114.3,260.1,40.6,70.6,3.1,1.7,202.6,-10.0,b
-50.4,71.3,-3.2,426.2,17.0,13.3,3.1,508.8,99.1,28.7,-336.0,30.4,2.7,73.5,-3.0,32.0,8.8,178.2,2.8,-54.5,33.5,-4.1,17.7,-3.1,-36.8,37.9,1263.8,444.4,-60.5,33.8,-23.9,120.6,44.7,222.8,312.6,9.2,0.1,31.1,287.6,-47.9,324.1,-21.3,98.8,-2.0,158.4,75.2,-18.1,105.3,502.3,878.8,616.0,-3.2,-205.5,134.1,-3.4,209.5,-9.8,1036.1,14.7,698.8,141.3,-5.0,-67.2,149.0,-13.8,407.3,-9.7,21.8,-6.2,-9.6,10.7,-6.6,150.6,1585.8,56.1,132.5,192.6,5.9,-129.3,144.0,-10.3,41.3,-85.1,6.4,126.3,330.3,21.2,80.8,-22.8,-51.7,482.3,107.5,37.8,159.4,64.0,25.7,11.6,-12.5,176.6,-23.8,b
-33.1,21.6,11.3,1238.2,26.0,1.8,-2.9,414.4,82.2,17.9,-76.7,37.3,3.5,80.4,0.0,62.0,2.4,289.2,13.6,-34.2,17.5,7.8,37.2,23.4,77.5,24.0,1411.7,5866.5,-38.9,12.2,-11.6,142.9,108.7,218.4,163.1,-4.8,-4.9,102.3,215.7,-31.9,-42.4,-28.5,42.8,1.4,221.1,120.0,-20.8,109.0,57.5,628.4,1029.4,3.3,321.5,93.4,4.8,101.4,39.2,854.6,25.7,391.5,72.2,31.0,4.3,170.3,4.2,428.9,-19.8,26.4,3.4,71.1,68.7,-10.5,168.0,1654.6,30.8,147.1,202.6,-0.2,-29.4,182.2,14.8,88.4,-1.5,0.8,117.3,380.7,34.8,162.9,9.6,-41.1,658.6,90.7,99.7,152.9,90.9,118.4,13.4,-4.9,168.3,-15.4,b
-45.5,8.6,0.4,220.8,25.2,16.0,-5.5,407.6,113.5,24.6,-135.8,35.5,50.9,79.3,1.4,41.9,14.8,119.9,4.6,-37.2,38.3,-1.3,55.3,-4.0,12.6,82.0,1254.9,405.9,-38.0,1.8,-41.2,117.1,127.6,378.3,316.9,7.9,2.6,33.6,233.5,-37.7,-26.1,-41.2,11.9,13.9,164.2,88.6,-4.4,164.1,159.7,511.3,837.5,21.5,140.8,128.3,-4.5,170.8,16.7,990.7,23.3,359.2,104.9,12.9,-43.2,76.1,-8.5,249.1,2.1,19.8,-2.6,-2.4,-2.0,2.4,250.0,1607.5,22.6,99.6,282.7,-5.8,-189.0,145.6,0.8,102.8,-32.4,-1.5,129.3,380.8,21.3,295.5,-22.4,-56.3,1081.6,117.0,51.7,97.7,88.9,60.1,10.2,-8.1,191.2,21.8,b
-31.6,24.2,-21.0,994.6,24.9,-3.9,2.1,461.1,102.4,8.3,-185.3,21.3,-6.9,73.2,-28.6,52.9,51.3,127.2,27.3,-25.5,-0.7,21.1,12.0,16.2,78.4,7.9,1552.2,-148.5,-33.7,-31.8,-21.9,117.8,114.3,611.0,189.1,7.6,-4.5,79.0,196.2,-38.9,-22.1,-21.8,16.2,-11.2,188.4,157.8,-10.9,149.3,280.0,312.2,814.4,-0.5,-100.5,98.6,-0.3,111.9,18.9,1378.8,10.6,697.2,84.4,-2.4,-44.2,172.6,-13.2,280.4,27.5,32.0,-0.5,7.1,53.5,1.0,225.4,1121.3,21.6,83.1,129.7,2.7,-148.0,68.9,14.1,132.1,-25.5,4.9,216.8,331.3,35.5,291.7,-53.2,-39.6,869.3,55.5,66.5,143.4,40.3,36.9,12.7,9.9,161.2,-5.4,b
-53.4,6.6,-4.2,439.4,28.8,14.9,-3.3,724.4,170.2,58.7,-159.7,33.9,2.4,76.7,3.4,40.5,115.3,208.5,23.9,10.0,54.9,6.3,14.9,9.9,76.6,-31.7,2309.6,-93.8,-47.7,-34.4,-10.1,125.7,150.7,487.0,269.1,6.7,-15.7,30.9,135.8,-20.4,-245.4,-41.8,-10.0,2.7,259.4,106.4,-21.5,103.3,111.4,305.5,911.8,0.0,352.4,93.9,5.9,262.5,3.0,1588.2,79.9,408.5,51.8,-0.9,-33.9,66.2,-4.7,159.6,3.8,-40.6,-3.9,-4.2,29.9,-1.4,255.2,1184.3,10.8,118.8,290.0,-25.4,-152.1,281.4,2.9,150.7,75.4,22.1,198.0,374.9,-3.0,297.2,-56.2,-92.1,1374.8,67.0,82.5,362.3,123.0,17.0,10.0,11.3,142.5,-16.3,b
-38.1,46.5,-22.9,441.4,27.2,-1.9,11.3,421.4,43.7,8.8,-88.5,41.9,-0.2,98.5,3.9,52.6,100.7,354.2,12.2,-11.1,23.4,12.8,77.6,19.3,81.0,92.4,1038.2,-31.2,-45.6,38.4,-1.9,144.2,136.6,309.1,202.2,6.9,-0.1,97.3,218.2,-34.8,-190.5,-35.1,47.3,-15.6,262.5,67.5,-17.3,134.5,39.5,722.3,1047.8,24.5,112.4,169.7,-7.1,183.2,41.5,500.4,0.2,220.8,107.0,2.4,-64.4,40.5,-11.1,347.4,17.5,25.5,-0.1,62.5,72.9,-10.0,242.0,1776.3,54.7,138.7,207.2,-3.7,-122.1,269.4,33.2,171.9,47.0,9.5,116.3,115.5,21.7,0.2,0.7,-37.5,670.9,127.9,147.3,145.8,105.1,248.5,12.5,-5.9,163.2,-16.3,b
-32.6,41.5,-39.5,334.2,26.8,-0.3,-1.5,421.6,91.0,31.6,-120.7,41.1,-6.2,62.7,-10.2,76.9,17.6,117.0,21.8,2.5,21.4,11.6,46.9,6.8,22.0,37.9,1306.7,-109.8,-45.7,8.0,-23.9,125.8,132.8,501.4,307.9,11.6,1.2,40.0,223.2,-29.3,-111.3,-33.7,-10.5,21.6,232.9,194.5,-14.3,51.9,108.3,429.8,791.6,20.3,72.5,147.4,-2.1,163.7,4.6,1105.4,24.7,428.1,69.6,9.8,-40.8,18.3,-6.0,327.3,14.9,50.5,1.4,8.8,17.9,-14.4,183.9,1258.2,32.0,167.7,147.1,-8.3,-155.5,270.0,13.5,83.1,-31.5,5.9,116.2,354.8,12.9,417.3,-19.5,-18.7,1305.2,119.2,68.1,278.0,108.1,12.8,0.8,-4.7,172.8,-4.4,b
-51.9,16.1,-5.2,120.0,21.5,16.4,-5.6,425.2,63.7,30.6,-244.5,34.6,2.4,61.6,-14.5,41.3,15.4,236.3,24.8,-36.3,-1.3,-9.9,38.1,35.5,99.4,-13.7,1542.1,2450.4,-53.3,-9.0,-37.2,134.9,87.7,346.1,404.4,-1.4,-4.5,40.8,127.2,-30.9,-1.6,-17.1,-4.1,-19.4,184.0,120.5,-20.8,102.6,202.9,418.8,984.2,15.2,140.1,85.9,5.9,211.7,67.1,1633.0,29.2,421.9,89.8,25.2,-103.0,114.8,-5.5,397.5,2.1,26.7,-0.7,-1.5,27.0,-19.7,227.1,1868.3,11.9,112.7,166.3,4.6,-246.9,154.6,2.7,105.9,-108.8,9.0,169.0,447.1,36.6,198.2,-22.2,-149.2,623.2,94.7,79.0,163.2,106.9,118.3,34.7,-9.8,199.3,-18.4,b
-34.8,-6.0,7.2,1501.4,11.1,18.8,5.1,616.2,76.1,-14.2,249.4,34.6,5.1,26.5,6.7,56.0,-22.9,107.0,23.0,-73.3,26.1,3.3,32.4,49.9,37.1,62.6,1018.1,5713.8,-43.1,25.2,-34.1,129.7,64.8,283.6,214.4,12.5,-10.7,26.6,259.0,-11.4,13.5,-19.3,-14.1,-7.3,168.5,93.8,-13.6,40.1,91.8,1000.5,1512.1,19.3,136.8,120.2,7.0,140.6,31.7,817.0,4.3,671.0,120.7,272.0,-39.2,296.1,-13.6,507.0,-13.0,52.6,4.4,-8.5,16.6,-9.8,119.1,2356.4,7.8,130.9,223.5,10.8,-87.0,128.3,-7.1,32.5,98.6,-2.0,179.5,474.0,15.1,57.2,-22.1,-106.4,735.2,57.0,41.9,168.7,96.4,54.2,26.0,2.1,119.9,-33.5,a
-37.1,32.2,-57.0,788.9,16.8,7.3,-10.5,356.2,40.4,16.4,-50.6,20.4,3.0,54.8,11.1,-5.1,11.7,134.3,7.0,-22.5,72.8,24.5,31.9,19.5,82.6,67.3,1437.6,5346.3,-42.8,28.4,-46.1,101.6,52.7,408.3,239.1,9.7,-3.2,49.3,251.9,-33.6,-87.2,-20.0,-6.0,9.6,213.5,83.4,-24.1,68.6,336.4,687.4,971.4,11.9,199.7,146.5,-0.8,81.8,35.9,779.7,-4.6,406.6,84.6,2.2,-51.8,105.2,-13.8,306.3,9.9,17.8,5.4,17.0,25.9,-3.4,202.9,1509.7,12.6,113.3,300.3,-4.9,-104.1,158.0,5.0,136.1,26.0,0.3,149.9,256.3,28.4,166.8,-20.0,-58.4,452.5,108.5,83.2,82.7,80.9,90.0,29.8,8.8,145.5,-16.3,a
-83.4,24.8,-81.2,249.4,13.4,5.2,16.2,648.0,11.8,-9.8,-278.2,-23.1,22.7,27.6,-53.1,18.5,60.7,74.0,-1.3,-120.4,94.0,-12.5,20.5,-7.5,83.9,3.7,914.7,104.7,-80.4,52.7,24.2,80.0,-0.4,46.5,149.3,35.8,0.7,36.4,410.9,-76.1,136.5,-27.3,-15.3,-45.5,276.3,30.6,-23.3,74.8,91.4,1013.2,740.5,4.9,17.7,177.2,13.2,309.9,-14.8,1057.2,3.7,349.9,172.6,7.9,-190.9,117.9,50.9,469.6,-32.7,76.3,-7.0,-16.6,33.8,86.0,268.9,1935.9,10.4,70.3,77.6,30.7,-233.8,121.8,18.6,26.3,104.0,-3.5,191.3,271.1,-4.8,99.2,-22.3,-93.1,589.1,101.5,34.6,180.5,84.1,63.2,53.6,-3.1,361.1,-52.6,a
-45.0,-6.9,-34.2,2291.3,5.3,18.4,-5.8,657.5,46.3,48.8,-241.3,30.9,-5.9,27.9,16.8,9.2,60.4,147.0,8.3,-68.3,65.6,2.8,33.1,43.8,55.7,131.9,1252.4,3677.0,-42.4,-23.8,-43.6,102.3,79.2,260.5,202.9,16.0,-2.8,16.6,372.6,-9.6,-155.7,-60.8,4.0,22.8,140.2,68.3,-24.1,99.9,23.9,574.8,1391.8,57.7,228.4,152.1,0.2,246.6,39.3,1188.4,47.8,409.0,82.6,95.2,-23.0,206.9,16.9,275.6,-11.6,22.9,7.7,-2.5,13.7,8.4,185.5,2968.0,39.8,117.8,321.7,-17.4,-198.3,87.6,-4.4,124.6,173.8,-18.3,-28.3,406.3,24.1,-2.8,-42.8,-110.7,566.1,80.5,55.5,155.7,151.8,52.6,25.8,16.6,181.1,-34.5,a
-47.6,16.3,-13.1,326.0,15.4,5.1,5.6,536.1,72.7,68.6,-98.2,32.4,6.2,41.5,6.9,37.5,-18.8,91.5,15.6,-36.3,85.0,18.2,16.7,-2.2,86.3,140.9,1427.1,7407.3,-45.1,-28.6,-47.9,123.8,83.8,382.2,249.9,15.0,-4.7,20.6,173.2,-41.3,-169.7,-21.8,1.3,5.1,254.3,8.2,-19.0,63.9,256.9,870.7,981.9,11.1,73.4,162.2,11.0,160.8,25.2,1910.2,-28.9,468.9,77.1,14.5,-41.7,74.1,-4.3,190.6,-8.7,59.8,-1.7,16.7,-16.3,-8.1,186.3,1871.3,11.3,70.9,249.9,-5.3,-230.1,56.0,16.8,69.0,110.0,-7.3,16.4,320.7,28.6,147.1,-48.5,-125.0,447.6,71.7,33.6,62.5,54.9,56.5,19.9,3.4,154.9,-12.7,a
-38.4,25.4,-35.9,247.9,19.1,0.3,6.9,371.0,45.9,49.9,-88.9,20.6,4.9,97.9,-4.2,48.3,11.6,134.1,18.4,-19.2,15.4,15.2,18.6,9.3,99.2,49.9,1442.0,2906.7,-33.3,-26.3,-29.4,109.1,86.7,506.7,232.8,5.6,-1.6,65.3,254.3,-14.3,-87.1,-15.2,57.0,-4.0,212.9,79.2,-5.1,159.3,289.1,604.7,742.4,5.6,190.7,157.4,-8.0,136.8,30.3,1489.7,9.0,509.0,48.9,7.3,-30.9,104.6,7.6,310.6,-2.1,56.4,-1.7,-8.6,35.5,-2.7,290.5,1619.7,17.9,50.5,221.9,-1.1,-66.1,106.3,1.6,117.6,16.3,2.3,9.6,281.8,6.2,78.0,-37.3,-84.7,543.7,79.8,111.5,108.7,8.7,106.2,16.6,2.7,182.4,-15.4,a
-52.0,50.2,-25.5,520.0,20.3,0.1,11.5,381.1,53.5,26.4,-128.2,21.7,39.3,41.8,-6.9,33.0,13.3,122.6,12.7,-39.4,-3.3,18.1,65.6,2.0,28.4,-30.1,2066.2,656.3,-37.0,-15.3,-52.6,88.8,47.7,375.9,195.5,13.6,-4.5,41.3,265.3,-46.9,-7.8,-56.8,91.5,-0.9,175.4,108.8,-15.3,44.9,175.4,532.5,730.0,27.8,144.7,158.4,5.3,150.4,18.7,1090.6,24.1,601.3,188.6,6.0,-64.4,50.0,-7.1,317.4,-3.4,4.0,-7.4,13.8,13.4,-13.0,266.9,1343.0,15.9,127.5,72.3,12.8,-181.0,172.3,11.2,95.0,65.8,2.2,111.2,289.4,20.7,23.8,-7.5,-63.5,852.7,73.9,39.4,158.5,111.9,128.8,18.3,-6.7,212.4,-15.0,b
-51.0,18.6,-17.6,353.7,26.4,-5.5,1.0,492.4,140.7,5.3,-305.9,21.4,11.2,48.2,4.0,26.1,4.1,174.2,20.9,-23.7,45.7,8.1,35.1,2.7,105.8,141.3,1640.1,-96.6,-51.3,-37.9,-3.9,127.7,86.4,877.2,177.0,12.6,0.3,29.2,262.8,-97.0,-168.2,-16.5,-14.0,-7.7,163.7,95.1,3.8,73.4,573.4,383.8,715.8,14.8,48.6,90.8,-4.6,240.1,-3.3,1341.9,2.4,625.9,61.4,11.4,-55.6,160.8,-12.4,397.5,25.1,19.7,-5.5,-4.7,13.9,-12.8,284.3,775.3,9.9,34.2,191.4,-6.1,-110.1,197.6,-1.6,55.6,130.4,6.1,110.9,371.0,9.3,12.7,-62.2,-72.9,548.4,53.8,39.1,471.7,40.9,73.5,28.5,-6.4,79.0,6.0,b
-42.5,35.4,-2.3,813.3,19.9,-13.5,5.9,468.2,61.4,2.7,-276.9,35.6,-1.0,48.4,4.5,44.6,-44.9,127.4,8.8,-41.2,20.5,-43.6,40.6,4.1,113.2,-33.0,1799.8,-136.0,-59.9,-27.8,-10.0,98.5,105.1,362.9,264.5,8.1,-8.5,24.7,321.0,-48.6,-164.0,-20.5,-76.3,-1.8,223.0,136.8,-12.2,47.4,279.5,452.8,671.1,8.2,-238.6,85.9,5.5,239.5,-1.7,1126.7,31.5,427.4,49.6,7.0,-59.8,74.2,4.1,180.4,14.7,7.1,-1.4,14.1,-9.4,10.5,176.3,1259.8,-5.3,97.4,127.8,0.9,-151.9,140.0,9.8,7.8,132.1,8.5,134.3,310.7,8.8,268.0,-55.8,-69.8,603.0,59.9,37.1,147.5,66.2,48.8,11.1,-12.3,192.9,-10.0,b
-94.0,5.6,6.6,198.0,16.9,-1.1,-4.6,489.2,34.8,63.8,-127.3,27.4,8.5,54.7,-1.3,41.0,-16.2,310.4,15.0,-56.1,-25.7,2.1,29.5,38.1,78.1,22.1,1623.4,629.7,-38.3,14.1,-36.4,92.5,30.4,223.3,203.3,21.1,2.9,61.3,321.1,-49.4,-26.0,-18.1,16.2,1.7,185.1,55.7,-2.1,50.8,166.0,1072.0,1557.5,18.2,148.9,180.0,-3.2,210.5,20.3,729.9,-8.6,169.0,168.1,32.1,-57.4,179.1,3.4,412.2,-3.2,-39.9,-4.6,8.3,31.1,-17.5,191.2,1380.2,20.7,32.6,107.3,3.0,-118.0,117.0,21.2,22.2,144.0,12.1,664.8,325.0,18.8,8.5,-68.0,-72.2,239.9,60.1,61.0,93.5,47.8,201.9,64.9,0.0,177.4,-17.5,b
-41.8,-15.7,-8.1,700.4,24.6,7.4,10.4,607.5,40.7,47.3,-49.7,32.2,10.0,27.7,10.0,36.4,24.5,279.8,11.2,-44.9,14.2,12.1,26.8,40.8,54.1,53.8,1618.5,3119.9,-44.9,22.7,-25.9,136.0,115.8,243.7,206.8,3.3,2.8,61.0,336.4,-26.4,-86.6,-31.0,5.8,7.5,212.8,28.9,-11.8,93.8,139.5,928.2,1621.9,17.0,145.4,153.7,6.5,121.2,43.1,1183.9,24.4,658.3,130.1,31.5,-31.4,222.1,-2.5,550.0,-28.9,19.1,-2.0,-7.3,28.0,-2.4,190.5,2287.9,33.2,141.9,246.9,-1.5,-106.2,207.8,2.9,83.3,119.5,-2.8,294.5,481.5,16.0,48.7,-16.1,-53.0,267.6,73.4,56.7,181.9,88.2,166.0,27.8,-0.2,125.0,-33.4,a
-56.1,33.7,5.4,1097.9,58.4,4.2,-0.4,530.7,34.1,61.7,-144.2,33.9,8.9,34.9,6.5,43.0,13.2,387.7,25.1,-56.1,21.3,-6.2,30.7,14.1,106.3,93.2,2197.8,2612.0,-64.1,39.7,-50.9,119.5,105.2,280.9,294.9,15.1,-12.2,86.2,335.2,-27.7,-60.6,-16.5,16.1,48.7,187.0,32.4,-18.2,86.9,200.4,451.4,950.0,13.2,267.1,113.9,-2.2,205.8,76.1,715.4,34.3,113.0,158.1,36.4,-67.7,54.6,-8.0,289.7,-37.2,0.6,0.0,12.2,40.5,-14.6,254.5,1280.4,39.4,93.2,190.9,18.2,-276.3,160.7,9.8,81.6,170.0,3.0,68.7,250.7,52.8,7.8,-57.3,-110.7,466.3,92.2,103.1,77.4,160.7,75.3,33.6,11.6,192.2,-8.7,b
-28.5,2.1,14.0,282.9,26.6,2.6,-5.3,392.3,40.3,14.7,-60.1,23.1,6.8,68.1,-5.8,12.8,6.6,365.2,19.1,-9.8,17.7,14.8,38.5,39.3,6.5,61.8,1203.6,1023.5,-48.4,-2.3,-23.8,132.9,58.1,425.0,156.0,23.2,-1.1,74.0,176.0,-34.4,39.5,-12.6,-4.4,-11.1,173.2,61.8,-11.6,123.6,176.6,708.6,1177.1,11.1,84.3,178.2,0.9,79.2,81.0,980.7,31.1,379.3,198.2,19.8,-23.6,163.2,7.1,644.5,-36.1,92.6,6.8,0.7,45.6,-3.0,204.5,2280.1,47.6,125.6,224.7,2.9,-148.7,199.8,5.1,70.8,65.1,2.3,342.5,394.7,8.3,32.4,-14.6,-45.2,417.6,52.2,41.9,88.6,44.6,131.2,20.0,4.0,97.4,-15.2,a
-27.0,8.7,29.1,1684.8,23.9,13.8,-6.6,558.7,28.2,33.0,-55.4,29.9,7.4,30.5,0.4,47.3,-17.3,257.9,15.5,-37.4,10.9,15.3,33.4,56.8,88.5,104.7,2008.5,260.1,-40.6,15.2,-32.5,135.5,113.8,356.3,268.5,14.2,-1.1,98.5,247.6,-10.5,17.8,-14.1,6.7,-9.4,207.8,14.0,-10.4,92.4,150.2,734.8,1161.0,16.4,132.7,103.5,0.8,121.3,106.0,898.5,55.8,371.1,122.1,120.9,-52.5,259.1,0.6,464.6,6.1,110.3,-0.6,1.0,45.2,-17.8,173.1,1959.7,27.5,126.1,138.7,-6.6,-198.1,127.5,2.6,81.7,101.4,-5.9,246.1,346.9,4.6,29.8,-18.1,-49.8,428.7,66.1,48.8,125.7,203.0,134.1,29.3,-7.2,119.9,-15.7,a
-119.6,-22.8,-47.2,413.2,37.6,28.3,18.2,770.7,43.5,95.6,-133.5,51.7,13.5,40.0,-3.9,45.2,16.3,117.7,-6.2,-200.7,-2.8,48.4,46.8,5.7,78.0,-100.2,3325.8,863.0,-96.5,10.3,-99.3,53.7,-45.6,137.1,204.8,33.5,4.9,23.1,519.7,-57.4,-399.8,-91.0,-233.4,29.3,305.8,128.2,-52.1,84.7,99.5,454.8,999.6,22.3,348.3,74.4,1.9,478.1,3.4,1406.4,-10.0,-89.7,142.6,30.4,-185.9,-3.5,-23.4,381.8,-39.4,-157.0,-5.3,21.4,17.8,-41.1,295.2,789.6,15.4,129.2,-23.2,25.8,-267.2,159.0,-15.0,19.9,143.9,23.4,128.3,221.3,27.4,5.6,-111.4,-212.8,163.2,62.5,66.2,195.3,90.5,100.7,72.7,11.3,338.0,-90.7,b
-44.4,60.8,3.7,468.2,35.5,-0.4,-2.9,383.1,43.5,77.1,-183.2,21.1,-2.1,56.6,-1.0,53.4,54.3,356.2,13.3,8.1,31.4,-7.6,50.4,27.6,11.8,143.6,1685.6,2079.8,-67.3,-1.5,-22.9,145.5,55.3,328.9,285.3,0.4,2.3,156.4,236.9,-37.0,-54.3,-22.3,17.8,49.8,173.5,115.1,-12.7,137.5,106.0,344.8,919.3,5.2,105.8,130.4,5.9,111.1,91.9,908.4,107.4,164.3,151.8,38.7,-37.9,119.1,-6.7,200.0,-29.1,40.7,-0.8,14.4,48.5,-5.6,151.8,1472.8,34.1,97.8,196.7,0.3,-170.8,162.2,13.7,160.1,65.7,4.9,207.5,319.9,18.8,182.6,-21.5,-72.3,433.6,68.5,140.5,26.6,186.1,263.1,43.2,4.7,149.9,-47.9,b
-49.8,29.5,-39.3,237.1,24.1,6.9,-18.8,571.1,37.9,27.3,-170.6,52.0,37.3,13.1,20.9,23.5,29.3,158.3,7.9,-47.9,58.0,2.8,24.4,20.3,78.7,27.8,1671.0,42.1,-62.8,-20.4,-69.0,109.6,28.9,269.1,310.8,8.4,-0.6,39.1,423.4,-25.7,-150.1,-18.9,1.7,-19.5,219.0,13.1,-14.4,123.8,81.3,652.0,1223.8,18.9,122.3,180.5,4.6,308.8,19.1,1327.0,6.2,245.5,160.1,13.6,-112.5,16.7,11.4,133.0,42.4,-19.9,-2.1,-7.6,-11.1,-28.6,270.6,1998.7,6.5,123.1,157.0,31.5,-131.5,185.9,-9.9,115.0,195.0,-13.0,36.2,276.8,32.8,26.0,-32.4,-91.3,768.1,97.9,44.4,131.0,98.3,106.2,23.6,6.1,217.9,-0.8,a
-26.6,28.5,-10.4,378.9,19.8,1.4,4.8,350.5,40.8,21.1,-100.6,21.6,1.2,66.9,0.6,39.8,38.7,183.2,21.0,18.1,26.2,11.3,88.5,26.7,70.2,48.1,1406.5,-88.7,-27.9,-10.8,-27.1,166.4,108.7,471.1,242.3,5.3,1.5,72.5,25.3,-33.3,14.7,-18.9,110.6,-10.5,193.0,77.7,-8.9,127.7,39.5,477.7,1050.7,10.7,91.6,160.5,6.0,64.0,32.5,1005.0,28.4,456.6,122.1,6.5,-20.7,125.2,-9.9,249.8,0.7,32.2,-3.0,-5.1,36.1,-9.9,112.3,1434.9,30.1,147.4,150.6,-5.7,-120.2,64.1,24.1,143.3,1.5,0.2,140.7,348.9,14.3,18.9,-20.4,2.9,941.3,83.9,78.5,40.7,98.4,100.6,2.7,2.5,138.9,-9.1,a
-38.8,35.0,4.6,786.6,25.2,7.8,-0.9,419.7,6.0,48.8,-89.2,28.7,3.7,36.8,-17.8,17.5,14.2,127.6,23.2,9.3,-6.3,-16.6,75.0,12.0,81.8,-35.5,1403.0,1216.5,-21.7,-14.7,-25.2,126.3,66.7,524.7,282.0,-2.3,-4.3,31.0,270.7,8.8,-6.5,-37.5,10.4,-18.2,156.7,146.1,-14.4,93.0,10.5,628.5,768.5,7.5,53.8,128.0,0.4,108.4,41.5,1346.1,70.5,366.2,102.4,10.9,-43.9,114.1,4.5,235.1,14.5,15.0,1.7,6.1,25.0,-12.5,224.2,1739.6,16.0,87.6,201.5,-8.1,-85.8,86.9,15.0,85.5,132.2,6.7,57.3,341.7,20.3,174.3,-23.5,-34.8,873.9,48.2,62.9,312.4,108.2,51.7,37.8,-3.3,169.9,-3.8,b
-62.0,38.3,34.8,1171.9,23.6,9.5,-15.6,670.8,108.5,43.7,-323.1,19.0,5.5,69.3,2.8,18.6,71.9,122.4,6.9,-80.6,28.1,-6.3,42.5,20.3,85.8,-9.2,1737.4,224.1,-46.7,15.5,-29.5,79.3,5.5,254.0,215.0,25.0,-1.1,25.7,284.3,-61.7,32.0,-10.3,4.9,2.4,126.2,129.0,-26.7,50.9,523.2,494.0,778.7,8.8,-7.9,109.8,7.0,151.4,30.6,969.7,38.8,384.6,167.0,15.7,-50.8,271.3,-47.5,305.4,-24.2,13.2,-3.0,3.1,3.9,-8.9,263.2,1204.1,8.0,41.8,125.1,-4.4,-210.1,32.0,-14.5,60.6,205.8,4.4,259.2,330.9,28.5,118.2,-32.4,-75.5,266.8,64.5,45.4,165.6,81.8,80.7,25.7,14.0,73.1,-27.7,a
-26.8,34.6,11.7,409.8,10.6,5.2,-0.7,429.7,99.0,33.2,-120.2,24.2,1.6,27.3,5.6,35.6,53.9,112.2,24.7,-32.1,63.3,-6.9,78.9,7.6,15.4,11.7,1681.3,1429.6,-33.1,-34.9,-24.6,106.3,53.7,431.3,222.5,4.6,-3.1,24.5,170.4,-12.7,132.5,-12.8,108.4,-5.4,199.0,69.2,-14.4,114.4,166.7,678.0,968.4,16.2,113.0,126.9,9.8,87.9,27.0,1200.6,42.3,457.5,170.4,2.6,-38.4,88.5,15.0,287.3,-9.5,20.6,4.4,8.8,43.1,1.2,78.1,1669.3,8.1,106.8,67.6,-4.9,-191.3,56.7,16.7,27.4,84.1,-0.9,45.7,405.0,7.7,85.5,-10.4,-7.0,801.8,73.4,22.4,107.7,106.8,36.6,81.9,-0.1,109.7,-11.3,a
-46.5,41.5,-13.5,584.8,19.7,7.6,16.1,549.2,90.4,15.1,-251.6,23.1,-7.4,63.2,8.1,56.3,32.5,128.4,11.8,-43.9,64.1,15.8,60.0,-5.7,89.0,-22.6,2038.6,-87.5,-33.4,-10.8,-34.6,100.1,112.9,335.7,306.1,9.3,-6.9,30.0,287.2,-36.3,-137.2,-11.4,0.7,10.2,89.5,83.0,-23.5,110.0,385.5,471.8,714.3,11.3,121.3,112.1,-6.5,115.4,24.5,648.3,46.8,497.6,118.4,10.4,-33.6,116.6,0.4,188.9,-12.4,11.5,2.8,0.6,14.6,4.1,114.9,1174.7,31.9,92.5,89.0,10.3,-90.5,126.8,18.1,1.5,126.2,10.3,297.0,273.0,23.5,194.5,-45.0,34.6,706.8,80.4,50.6,182.5,124.0,52.2,24.3,-2.6,152.7,-28.1,a
-37.4,72.4,-5.7,1055.1,23.2,-0.6,-5.5,427.0,52.4,31.2,-138.3,40.4,1.6,59.8,-2.2,61.0,17.5,68.2,7.8,-40.6,7.7,-20.0,69.6,11.4,28.5,147.4,2194.4,-130.5,-61.4,30.8,-36.9,80.4,17.7,408.0,414.2,22.2,-4.3,57.5,219.7,-19.3,-46.1,-35.1,66.6,-10.2,204.7,133.9,-21.4,124.8,113.6,241.3,656.5,15.6,111.9,172.8,-2.0,193.1,20.4,1012.4,72.9,368.3,131.8,252.3,-66.9,86.2,-20.7,225.2,-43.3,-21.3,1.1,6.5,-5.0,-13.3,176.6,1575.5,10.9,22.0,143.0,12.8,-123.8,79.8,15.4,45.4,158.4,-1.3,28.2,324.4,-6.6,16.9,-4.6,-20.6,423.8,129.2,32.6,98.8,307.6,63.6,21.3,-5.2,184.5,-18.4,b
-82.0,38.2,-36.9,579.0,35.7,10.1,-6.7,660.7,75.3,-1.4,-488.1,28.8,-7.3,42.6,-33.3,52.1,-51.2,134.3,0.8,-94.5,-31.9,39.7,36.8,10.7,89.1,104.1,2238.8,151.4,-78.4,2.1,-15.6,81.1,19.0,199.0,108.6,7.8,-3.6,23.8,401.6,-83.2,-253.6,-3.9,-54.8,21.1,303.5,59.0,-12.0,43.1,325.1,564.6,705.8,3.5,66.0,153.5,7.2,328.7,24.3,1247.2,11.6,267.9,86.8,27.5,-140.9,155.6,14.2,212.0,-4.5,-13.5,4.5,-4.0,-33.1,17.7,185.6,942.9,14.6,64.7,81.2,1.0,-205.4,35.8,-10.0,30.1,327.7,4.4,280.3,212.4,28.4,120.0,-29.6,-106.8,358.8,73.2,98.2,107.3,132.9,70.4,36.1,-12.4,120.4,-14.5,a
-35.9,32.8,7.4,740.2,18.7,9.4,1.1,346.9,73.9,16.2,-109.3,30.0,-5.3,49.4,-6.2,40.0,64.8,108.1,10.0,-28.5,15.0,5.5,44.2,8.6,82.7,59.0,1502.9,1714.5,-40.3,-10.9,-14.9,129.0,76.0,417.0,214.8,8.4,-3.8,30.5,220.0,-8.1,161.7,-27.2,55.6,-10.4,118.2,55.0,-5.2,96.1,179.6,657.7,967.9,12.9,3.8,147.9,0.1,124.3,41.2,1012.1,23.4,455.4,129.7,97.1,-28.1,152.3,-2.8,493.9,-8.5,74.6,-3.6,3.9,44.7,0.5,88.4,2009.5,27.1,60.8,71.4,-2.9,-68.2,207.2,20.9,67.5,-58.2,5.5,70.4,407.5,17.5,211.8,-21.9,-17.4,686.1,60.8,35.2,107.8,101.1,153.3,58.3,0.1,36.6,-12.0,a
-28.5,13.6,16.7,748.2,13.6,4.6,-10.0,446.3,31.1,50.4,423.8,17.6,-4.0,44.3,0.7,35.1,75.1,303.7,7.8,-7.6,24.6,28.0,18.8,32.4,47.1,27.7,1453.9,2645.6,-48.1,-11.4,-22.9,129.9,37.1,283.7,183.6,1.6,4.3,47.6,239.8,-26.7,-88.0,-19.6,7.9,-5.6,206.6,74.2,-8.5,104.9,174.2,878.2,1107.9,6.8,125.6,234.5,13.7,121.3,51.9,1207.0,52.0,400.9,78.4,46.5,-38.4,294.0,-8.9,442.2,0.5,61.7,-3.3,-2.5,39.0,4.3,171.8,1775.4,26.4,71.8,248.7,-2.1,-66.7,152.0,7.2,53.8,-24.3,4.3,142.5,398.6,-8.6,135.5,-6.9,-82.9,707.8,63.1,90.2,84.6,107.3,76.8,50.2,1.7,153.5,-15.8,a
-29.5,16.2,-11.2,5353.0,38.6,-1.4,-21.4,564.4,21.6,48.9,-117.2,38.1,18.2,42.4,-28.7,21.5,-14.3,93.2,16.6,-74.6,81.7,5.2,34.0,40.3,87.2,122.6,2049.0,3861.0,-47.4,28.9,-46.0,105.7,70.1,439.0,244.1,5.1,-12.3,15.6,187.0,-14.7,-85.9,-28.2,-3.8,-4.2,198.9,53.0,-14.2,62.8,71.1,430.5,1122.6,5.2,203.4,164.3,1.2,65.5,22.4,1150.6,26.5,377.4,130.4,23.1,-9.0,183.9,-9.3,93.5,-14.5,9.3,8.4,16.9,-8.8,21.9,198.1,2418.8,20.4,125.6,95.1,-0.8,-159.6,96.7,-31.6,135.3,190.7,-6.1,23.9,248.6,9.6,142.2,-22.6,-65.1,526.2,84.4,63.7,70.1,155.4,39.2,30.0,-0.6,250.1,-30.6,a
